Catego_LHT_plan;Dataset;Population_name;Biogeographic_pos_pop;Marker_type;Sample_size;n_markers;n_markers_polymorphic;Ho;He;Ar;Fis;Fst;Gst_pr;JostD;BayesFst;Expected_Ne_bias;NeEstimator_result;NeLD;JK_CI_down;JK_CI_up
FastFS/IntermRS;Alytes_obstetricans_Barratt_2024;MetapopA;edge;SSR;67;9;5;0.162;0.237;2.187;0.252;0.379;0.234;0.213;0.43;Nb;85.4;74.1;13.9;999999
FastFS/IntermRS;Alytes_obstetricans_Barratt_2024;MetapopC;edge;SSR;31;9;7;0.174;0.284;2.326;0.3;0.233;0.137;0.12;0.281;Nb;15.4;13.36;2.5;999999
FastFS/IntermRS;Alytes_obstetricans_Barratt_2024;pop14;edge;SSR;23;9;8;0.265;0.373;2.64;0.228;0.365;0.224;0.262;0.342;Nb;66.2;57.44;8.1;999999
FastFS/IntermRS;Alytes_obstetricans_Barratt_2024;pop18;edge;SSR;25;9;5;0.261;0.281;1.778;0.088;0.287;0.172;0.16;0.504;Nb;3.3;2.86;1.5;15.9
FastFS/IntermRS;Alytes_obstetricans_Barratt_2024;pop28;edge;SSR;20;9;6;0.321;0.3;2.206;-0.025;0.348;0.212;0.215;0.384;Nb;999999;999999;3.3;999999
FastFS/IntermRS;Alytes_obstetricans_Barratt_2024;pop3;edge;SSR;20;9;3;0.083;0.109;1.544;0.124;0.4;0.266;0.193;0.618;Nb;11.3;9.8;0;999999
IntermFS/LowRS;Antirrhinum_charidemi_HeuertzForrest_2024;BDB_sub1;endemic;SSR;73;13;13;0.425;0.431;3.389;0.003;0.074;0.048;0.072;0.104;Ne-down;49.9;49.9;25.6;137.7
IntermFS/LowRS;Antirrhinum_charidemi_HeuertzForrest_2024;BDB_sub5;endemic;SSR;62;13;13;0.466;0.458;3.493;-0.006;0.047;0.029;0.046;0.069;Ne-down;35.3;35.3;21.2;67.4
IntermFS/LowRS;Antirrhinum_charidemi_HeuertzForrest_2024;Poyatos;endemic;SSR;21;13;12;0.42;0.391;3.451;-0.012;0.102;0.067;0.101;0.144;Ne-down;999999;999999;21.9;999999
FastFS/LowRS;Barbastella_barbastellus_Razgour_2024;Iberian_col;edge;SNP;35;46839;43584;0.267;0.27;1.975;0.023;0.047;0.024;0.019;0.049;Ne-down;1097.72;1280.895106;399.9332961;999999
FastFS/LowRS;Barbastella_barbastellus_Razgour_2024;Sussex_col;island;SNP;32;46839;44391;0.275;0.273;1.963;0.008;0.047;0.024;0.019;0.046;Ne-down;164.49;191.9360039;113.311446;375.6967495
IntermFS/IntermRS;Canis_lupus_Silva_2018_K11;K11_C_Asturias;edge;SSR;31;46;45;0.531;0.554;3.525;0.047;0.123;0.066;0.172;0.153;Ne-down;16.6;16.6;10.8;27.6
IntermFS/IntermRS;Canis_lupus_Silva_2018_K11;K11_E_Asturias;edge;SSR;21;46;44;0.511;0.487;3.268;-0.021;0.144;0.08;0.198;0.222;Ne-down;9.6;9.6;4.5;20.8
IntermFS/IntermRS;Canis_lupus_Silva_2018_K11;K11_W_Galicia;edge;SSR;54;46;45;0.544;0.561;3.777;0.035;0.14;0.077;0.201;0.116;Ne-down;44.5;44.5;31.2;69.4
IntermFS/IntermRS;Canis_lupus_Szewczyk_2019;CarpMTS;core;SSR;71;13;13;0.667;0.685;5.99;0.033;0.117;0.063;0.279;0.11;Ne-down;50.9;50.9;32.6;90.2
IntermFS/IntermRS;Canis_lupus_Szewczyk_2019;LT;core;SSR;58;13;13;0.738;0.733;6.157;0.002;0.049;0.025;0.12;0.028;Ne-down;66.3;66.3;44.7;112.1
IntermFS/IntermRS;Canis_lupus_Szewczyk_2019;NEPL_I;core;SSR;41;13;13;0.611;0.621;5.421;0.03;0.049;0.026;0.104;0.05;Ne-down;30.5;30.5;16.4;73.7
IntermFS/IntermRS;Canis_lupus_Szewczyk_2019;NEPL_II;core;SSR;39;13;13;0.732;0.709;6.119;-0.021;0.041;0.021;0.097;0.025;Ne-down;63.8;63.8;29.8;463.6
IntermFS/IntermRS;Canis_lupus_Szewczyk_2019;NWPL;core;SSR;44;13;13;0.638;0.658;5.325;0.039;0.038;0.02;0.087;0.043;Ne-down;28.8;28.8;18.3;50.3
IntermFS/IntermRS;Canis_lupus_Szewczyk_2019;SEPL;core;SSR;23;13;13;0.676;0.667;5.421;-0.001;0.07;0.036;0.155;0.093;Ne-down;16.1;16.1;8.3;40.1
IntermFS/IntermRS;Canis_lupus_Szewczyk_2019;WPL_I;core;SSR;81;13;13;0.617;0.593;4.65;-0.029;0.064;0.033;0.127;0.111;Ne-down;50.8;50.8;33.2;85.9
IntermFS/IntermRS;Canis_lupus_Szewczyk_2019;WPL_II;core;SSR;36;13;13;0.635;0.651;5.157;0.03;0.041;0.021;0.093;0.065;Ne-down;38.7;38.7;22.4;87.8
FastFS/IntermRS;Coenagrion_mercuriale_Leveque_2024_pop_2021;GA-1_2021;core;SNP;149;1333;1287;0.221;0.219;1.919;-0.012;0.011;0.006;0.003;0.008;Ne-down;941;1392.10748;673;1561.4
FastFS/IntermRS;Coenagrion_mercuriale_Leveque_2024_pop_2021;GA-1-2021;core;SSR;292;10;10;0.581;0.557;4.968;-0.029;0.04;0.021;0.052;0.081;Ne-down;671.2;671.2;254.8;999999
FastFS/IntermRS;Coenagrion_mercuriale_Leveque_2024_pop_2021;GA-2_2021;core;SNP;133;1333;1278;0.224;0.222;1.919;-0.009;0.009;0.004;0.003;0.003;Ne-down;1014.5;1500.842761;671.6;2035.3
FastFS/IntermRS;Coenagrion_mercuriale_Leveque_2024_pop_2021;GA-2-2021;core;SSR;302;10;10;0.561;0.556;4.774;0.004;0.039;0.02;0.051;0.1;Ne-down;1709.4;1709.4;487.1;999999
FastFS/IntermRS;Coenagrion_mercuriale_Leveque_2024_pop_2021;GB-1-2021;core;SSR;25;10;10;0.585;0.504;3.545;-0.147;0.062;0.033;0.077;0.212;Ne-down;1568.1;1568.1;22.9;999999
FastFS/IntermRS;Coenagrion_mercuriale_Leveque_2024_pop_2021;GB-2_2021;core;SNP;187;1333;1305;0.225;0.224;1.923;-0.008;0.011;0.006;0.003;0.013;Ne-down;1173.3;1735.770144;922;1587.8
FastFS/IntermRS;Coenagrion_mercuriale_Leveque_2024_pop_2021;GB-2-2021;core;SSR;323;10;10;0.574;0.552;4.825;-0.028;0.043;0.022;0.055;0.09;Ne-down;23150.1;23150.1;549;999999
FastFS/IntermRS;Coenagrion_mercuriale_Leveque_2024_pop_2022;GA-1_2022;core;SNP;56;1333;1161;0.223;0.218;1.908;-0.015;0.013;0.007;0.004;0.013;Ne-down;1799.5;2662.165154;739.9;999999
FastFS/IntermRS;Coenagrion_mercuriale_Leveque_2024_pop_2022;GA-1-2022;core;SSR;574;10;10;0.576;0.56;5.504;-0.012;0.033;0.017;0.043;0.054;Ne-down;999999;999999;1640.2;999999
FastFS/IntermRS;Coenagrion_mercuriale_Leveque_2024_pop_2022;GA-2_2022;core;SNP;118;1333;1281;0.224;0.224;1.925;-0.007;0.009;0.005;0.003;0.004;Ne-down;929.6;1375.242416;650.7;1648.9
FastFS/IntermRS;Coenagrion_mercuriale_Leveque_2024_pop_2022;GA-2-2022;core;SSR;313;10;10;0.574;0.559;4.935;-0.025;0.034;0.018;0.044;0.078;Ne-down;872.5;872.5;331.7;999999
FastFS/IntermRS;Coenagrion_mercuriale_Leveque_2024_pop_2022;GB-1-2022;core;SSR;51;10;10;0.537;0.523;3.583;-0.012;0.043;0.023;0.054;0.195;Ne-down;82.2;82.2;35.2;2315.1
FastFS/IntermRS;Coenagrion_mercuriale_Leveque_2024_pop_2022;GB-2_2022;core;SNP;147;1333;1294;0.227;0.224;1.927;-0.012;0.011;0.006;0.003;0.013;Ne-down;1196;1769.352333;863.6;1940.7
FastFS/IntermRS;Coenagrion_mercuriale_Leveque_2024_pop_2022;GB-2-2022;core;SSR;690;10;10;0.572;0.554;5.279;-0.02;0.033;0.017;0.043;0.064;Ne-down;1639.8;1639.8;627.2;999999
FastFS/IntermRS;Coenagrion_mercuriale_Leveque_2024_pop_2022;GB-3_2022;core;SNP;60;1333;1172;0.228;0.224;1.9;-0.011;0.016;0.008;0.005;0.023;Ne-down;3592.3;5314.418383;1189.1;999999
FastFS/IntermRS;Coenagrion_mercuriale_Leveque_2024_pop_2022;GB-3-2022;core;SSR;111;10;10;0.568;0.539;4.244;-0.045;0.05;0.026;0.064;0.133;Ne-down;239.3;239.3;107.4;9711.7
SlowFS/HighRS;Cypripedium_calceolus_Gargiulo_2023;Korgessaare;isle;SNP;25;76670;39706;0.182;0.185;1.545;0.035;0.211;0.117;0.074;0.42;Ne-down;5.27;8.750862056;2.797142128;9.289395962
SlowFS/HighRS;Cypripedium_calceolus_Gargiulo_2023;Korgessaare;isle;SSR;191;11;11;0.393;0.41;3.359;0.052;0.244;0.128;0.293;0.384;Ne-down;24;39.20845246;13.53178741;57.28098567
SlowFS/HighRS;Cypripedium_calceolus_Gargiulo_2023;Ussisoo;subedge;SNP;22;76670;65463;0.239;0.242;1.87;0.03;0.211;0.117;0.074;0.096;Ne-down;23.61;24;13.9;39.5
SlowFS/HighRS;Cypripedium_calceolus_Gargiulo_2023;Ussisoo;subedge;SSR;66;11;11;0.563;0.583;5.881;0.045;0.244;0.128;0.293;0.061;Ne-down;16.9;16.9;11;25.8
IntermFS/IntermRS;Fagus_sylvatica_Milesi_2024;AT_FS_13;core;SNP;22;18035;6109;0.0971;0.0979;1.09791;0.00732;0.04437;0.02293;0.00496;0.027885973;Ne-down;474;739;132;999999
IntermFS/IntermRS;Fagus_sylvatica_Milesi_2024;AT_FS_14;core;SNP;18;18035;5604;0.0963;0.096;1.09597;-0.00027;0.04338;0.02229;0.00479;0.028761533;Ne-down;75;117;38;585
IntermFS/IntermRS;Fagus_sylvatica_Milesi_2024;CH_FS_12_11;core;SNP;38;18035;7128;0.0933;0.0937;1.09371;0.00546;0.03915;0.02009;0.00426;0.025877468;Ne-down;1142;1778;345;999999
IntermFS/IntermRS;Fagus_sylvatica_Milesi_2024;DE_FS_15;core;SNP;21;18035;5816;0.0934;0.0945;1.09449;0.01089;0.03856;0.01991;0.00423;0.024751912;Ne-down;355;553;88;999999
IntermFS/IntermRS;Fagus_sylvatica_Milesi_2024;DE_FS_18_17;core;SNP;38;18035;7174;0.0921;0.0939;1.09383;0.01532;0.03666;0.01893;0.00401;0.02038664;Ne-down;529;823;180;999999
IntermFS/IntermRS;Fagus_sylvatica_Milesi_2024;ES_FS_01;edge;SNP;22;18035;5054;0.0834;0.0848;1.08473;0.0157;0.07511;0.03921;0.00809;0.120779506;Ne-down;206;321;67;999999
IntermFS/IntermRS;Fagus_sylvatica_Milesi_2024;FR_FS_03;subedge;SNP;24;18035;5994;0.093;0.0936;1.09356;0.00494;0.0526;0.02715;0.00579;0.055879757;Ne-down;99;154;44;6858
IntermFS/IntermRS;Fagus_sylvatica_Milesi_2024;FR_FS_04;subedge;SNP;19;18035;5492;0.0932;0.093;1.09296;-0.00136;0.0536;0.02764;0.00588;0.058898654;Ne-down;315;490;58;999999
IntermFS/IntermRS;Fagus_sylvatica_Milesi_2024;FR_FS_05;isle;SNP;25;18035;6791;0.1014;0.1013;1.10128;0.00193;0.0676;0.03526;0.00785;0.060054806;Ne-down;168;261;77;999999
IntermFS/IntermRS;Fagus_sylvatica_Milesi_2024;FR_FS_06;isle;SNP;25;18035;6613;0.0976;0.0988;1.09876;0.00922;0.0672;0.03506;0.00769;0.060056826;Ne-down;98;153;51;581
IntermFS/IntermRS;Fagus_sylvatica_Milesi_2024;GB_FS_19_20;island;SNP;37;18035;5327;0.0905;0.0914;1.09134;0.00799;0.05632;0.029;0.00613;0.056504886;Ne-down;772;1203;275;999999
IntermFS/IntermRS;Fagus_sylvatica_Milesi_2024;IT_FS_07;subedge;SNP;19;18035;6542;0.1053;0.1064;1.10633;0.00634;0.06049;0.03118;0.00709;0.038116438;Ne-down;643;1001;68;999999
IntermFS/IntermRS;Fagus_sylvatica_Milesi_2024;IT_FS_08;subedge;SNP;22;18035;7115;0.1067;0.1079;1.10791;0.01008;0.06748;0.03513;0.0081;0.04722213;Ne-down;426;664;82;999999
IntermFS/IntermRS;Fagus_sylvatica_Milesi_2024;NO_FS_21;edge;SNP;20;18035;4447;0.0795;0.0796;1.07959;0;0.08587;0.04516;0.00913;0.148170603;Ne-down;84;130;43;598
IntermFS/IntermRS;Fagus_sylvatica_Milesi_2024;NO_FS_22;edge;SNP;19;18035;4437;0.0779;0.0805;1.08044;0.02653;0.08554;0.04531;0.00921;0.145205365;Ne-down;49;77;26;199
IntermFS/IntermRS;Fagus_sylvatica_Milesi_2024;SE_FS_23;subedge;SNP;21;18035;5481;0.0906;0.0912;1.09117;0.00683;0.04679;0.02416;0.00508;0.045772326;Ne-down;338;527;102;999999
IntermFS/IntermRS;Fagus_sylvatica_Milesi_2024;SE_FS_24;subedge;SNP;23;18035;5601;0.0902;0.0913;1.09124;0.00864;0.04847;0.02505;0.00528;0.04797217;Ne-down;1044;1626;126;999999
IntermFS/IntermRS;Fagus_sylvatica_Milesi_2024;SI_FS_27_28;core;SNP;36;18035;5646;0.0966;0.0972;1.09717;0.00509;0.03769;0.01955;0.00421;0.01616033;Ne-down;778;1211;200;999999
FastFS/IntermRS;Gasterosteus_aculeatus_Raeymaekers_2008;S11a;core;SSR;50;6;6;0.722;0.718;7.562;0.011;0.122;0.066;0.366;0.095;Ne-down;105.6;105.6;34;999999
FastFS/IntermRS;Gasterosteus_aculeatus_Raeymaekers_2008;S12a;core;SSR;48;6;6;0.727;0.78;7.586;0.088;0.113;0.061;0.39;0.102;Ne-down;999999;999999;33.9;999999
FastFS/IntermRS;Gasterosteus_aculeatus_Raeymaekers_2008;S13a;core;SSR;47;6;6;0.829;0.804;7.725;-0.021;0.114;0.062;0.417;0.11;Ne-down;28;28;12.2;98.2
FastFS/IntermRS;Gasterosteus_aculeatus_Raeymaekers_2008;S13b;core;SSR;49;6;6;0.661;0.636;4.373;-0.034;0.208;0.117;0.573;0.384;Ne-down;14.2;14.2;6.4;30.7
FastFS/IntermRS;Gasterosteus_aculeatus_Raeymaekers_2008;S14;core;SSR;48;6;6;0.714;0.781;7.392;0.096;0.14;0.076;0.503;0.135;Ne-down;41.2;41.2;18.4;186.2
FastFS/IntermRS;Gasterosteus_aculeatus_Raeymaekers_2008;S4a;core;SSR;50;6;6;0.827;0.82;10.337;0.004;0.13;0.071;0.508;0.066;Ne-down;38.4;38.4;18.5;126.3
FastFS/IntermRS;Gasterosteus_aculeatus_Raeymaekers_2008;S5a;core;SSR;42;6;6;0.765;0.764;9.457;0.005;0.16;0.087;0.563;0.087;Ne-down;27.5;27.5;7.3;999999
FastFS/IntermRS;Gasterosteus_aculeatus_Raeymaekers_2008;S5b;core;SSR;49;6;6;0.633;0.646;6.216;0.037;0.224;0.127;0.645;0.222;Ne-down;999999;999999;105.2;999999
FastFS/IntermRS;Gasterosteus_aculeatus_Raeymaekers_2008;S6a;core;SSR;49;6;6;0.755;0.782;8.198;0.044;0.149;0.082;0.538;0.126;Ne-down;33.1;33.1;9;999999
FastFS/IntermRS;Gasterosteus_aculeatus_Raeymaekers_2008;S9a;core;SSR;43;6;6;0.718;0.72;7.662;0.012;0.113;0.061;0.339;0.086;Ne-down;999999;999999;51.9;999999
FastFS/IntermRS;Gasterosteus_aculeatus_Raeymaekers_2008;S9b;core;SSR;49;6;6;0.676;0.653;5.778;-0.018;0.15;0.082;0.402;0.184;Ne-down;51.6;51.6;17.9;999999
FastFS/IntermRS;Gasterosteus_aculeatus_Raeymaekers_2008;S9c;core;SSR;41;6;6;0.754;0.77;8.893;0.036;0.101;0.054;0.329;0.053;Ne-down;27.5;27.5;4.2;999999
FastFS/IntermRS;Gasterosteus_aculeatus_Raeymaekers_2008;S9d;core;SSR;50;6;6;0.77;0.782;9.471;0.024;0.101;0.055;0.343;0.041;Ne-down;516.9;516.9;94.5;999999
FastFS/IntermRS;Gasterosteus_aculeatus_Raeymaekers_2008;S9e;core;SSR;46;6;6;0.76;0.735;6.496;-0.015;0.134;0.073;0.423;0.177;Ne-down;1180.5;1180.5;74.1;999999
FastFS/IntermRS;Gasterosteus_aculeatus_Raeymaekers_2008;S9f;core;SSR;48;6;6;0.735;0.679;5.346;-0.077;0.147;0.081;0.417;0.251;Ne-down;298.8;298.8;31.5;999999
FastFS/IntermRS;Gasterosteus_aculeatus_Raeymaekers_2008;S9g;core;SSR;49;6;6;0.798;0.768;7.022;-0.022;0.138;0.075;0.475;0.165;Ne-down;138.3;138.3;46.5;999999
FastFS/IntermRS;Gasterosteus_aculeatus_Raeymaekers_2008;S9h;core;SSR;48;6;6;0.56;0.545;3.671;-0.017;0.277;0.161;0.689;0.451;Ne-down;222.4;222.4;17.4;999999
FastFS/IntermRS;Gasterosteus_aculeatus_Raeymaekers_2008;S9i;core;SSR;49;6;6;0.43;0.433;3.461;0.071;0.299;0.176;0.613;0.482;Ne-down;154.6;154.6;18.5;999999
FastFS/IntermRS;Gasterosteus_aculeatus_Raeymaekers_2008;S9j;core;SSR;50;6;6;0.737;0.741;7.742;0.017;0.106;0.058;0.331;0.08;Ne-down;999999;999999;74.9;999999
FastFS/IntermRS;Gasterosteus_aculeatus_Raeymaekers_2008;S9k;core;SSR;50;6;6;0.807;0.792;7.32;-0.009;0.108;0.059;0.38;0.119;Ne-down;34.4;34.4;21.3;63.7
FastFS/IntermRS;Gasterosteus_aculeatus_Raeymaekers_2008;S9l;core;SSR;46;6;6;0.775;0.764;7.279;-0.004;0.12;0.065;0.4;0.133;Ne-down;292.8;292.8;58.2;999999
FastFS/LowRS;Graellsia_isabellae_GonzalesCastellano_2023;AGU;core;SSR;31;9;8;0.495;0.52;3.934;0.052;0.031;0.017;0.038;0.055;Ne;58.2;58.2;16.9;999999
FastFS/LowRS;Graellsia_isabellae_GonzalesCastellano_2023;BAN;core;SSR;31;9;8;0.493;0.521;4.028;0.048;0.03;0.016;0.037;0.058;Ne;302.4;302.4;32.2;999999
FastFS/LowRS;Graellsia_isabellae_GonzalesCastellano_2023;BEL;core;SSR;31;9;8;0.436;0.502;3.382;0.179;0.049;0.026;0.059;0.134;Ne;52.4;52.4;12.5;999999
FastFS/LowRS;Graellsia_isabellae_GonzalesCastellano_2023;BUJ-ORD-COT;core;SSR;64;9;9;0.517;0.551;4.327;0.084;0.028;0.015;0.036;0.03;Ne;458.5;458.5;59.6;999999
FastFS/LowRS;Graellsia_isabellae_GonzalesCastellano_2023;CAB;core;SSR;32;9;9;0.504;0.519;3.977;0.148;0.033;0.017;0.04;0.062;Ne;999999;999999;999999;999999
FastFS/LowRS;Graellsia_isabellae_GonzalesCastellano_2023;DIA;core;SSR;31;9;8;0.489;0.523;3.892;0.088;0.025;0.014;0.032;0.045;Ne;43.4;43.4;16.5;999999
FastFS/LowRS;Graellsia_isabellae_GonzalesCastellano_2023;FON;core;SSR;31;9;9;0.504;0.534;4.301;0.075;0.027;0.015;0.035;0.033;Ne;999999;999999;33.6;999999
FastFS/LowRS;Graellsia_isabellae_GonzalesCastellano_2023;JUA;core;SSR;24;9;8;0.47;0.54;4.015;0.184;0.04;0.021;0.052;0.083;Ne;39.3;39.3;9.3;999999
FastFS/LowRS;Graellsia_isabellae_GonzalesCastellano_2023;PLA-ESC-TEL;core;SSR;76;9;9;0.519;0.56;4.317;0.157;0.028;0.015;0.037;0.028;Ne;1139.6;1139.6;64.6;999999
IntermFS/HighRS;Mya_arenaria_DeNoia_2020;BRE;core;SSR;32;12;12;0.766;0.785;8.218;0.042;0.08;0.042;0.325;0.082;Ne-down;999999;999999;141.8;999999
IntermFS/HighRS;Mya_arenaria_DeNoia_2020;ITA;core;SSR;30;12;12;0.735;0.771;7.415;0.06;0.126;0.068;0.515;0.142;Ne-down;400.5;400.5;81.8;999999
IntermFS/HighRS;Mya_arenaria_DeNoia_2020;KIE;core;SSR;35;12;12;0.566;0.758;7.556;0.259;0.073;0.04;0.286;0.07;Ne-down;476.4;476.4;82.5;999999
IntermFS/HighRS;Mya_arenaria_DeNoia_2020;LCT;core;SSR;32;12;12;0.697;0.766;7.783;0.108;0.066;0.036;0.263;0.061;Ne-down;207.1;207.1;47.7;999999
IntermFS/HighRS;Mya_arenaria_DeNoia_2020;LIS;core;SSR;30;12;12;0.617;0.751;7.343;0.197;0.065;0.035;0.246;0.08;Ne-down;311.5;311.5;40.7;999999
IntermFS/HighRS;Mya_arenaria_DeNoia_2020;PLY;core;SSR;30;12;12;0.653;0.769;7.874;0.154;0.076;0.041;0.303;0.078;Ne-down;999999;999999;54.7;999999
IntermFS/HighRS;Mya_arenaria_DeNoia_2020;SAN;core;SSR;23;12;12;0.728;0.722;5.742;0.011;0.096;0.051;0.344;0.184;Ne-down;285.8;285.8;43.2;999999
IntermFS/HighRS;Mya_arenaria_DeNoia_2020;TEX;core;SSR;30;12;12;0.685;0.766;7.585;0.117;0.063;0.034;0.249;0.068;Ne-down;1037.4;1037.4;81.6;999999
FastFS/LowRS;Passer_domesticus_Baalsrud_2013_pop_1994;Gjeroy-1994;isle;SSR;52;13;13;0.765;0.778;8.48;0.023;0.032;0.017;0.119;0.03;Ne-down;23.8;23.8;15.8;37.7
FastFS/LowRS;Passer_domesticus_Baalsrud_2013_pop_1994;Hestmannoy-1994;isle;SSR;87;13;13;0.823;0.808;8.942;-0.008;0.023;0.012;0.091;0.014;Ne-down;55.8;55.8;42.8;75.6
FastFS/LowRS;Passer_domesticus_Baalsrud_2013_pop_1994;Indre_Kvaroy-1994;isle;SSR;50;13;13;0.781;0.769;8.377;-0.003;0.027;0.014;0.098;0.021;Ne-down;29.1;29.1;18.7;49.5
FastFS/LowRS;Passer_domesticus_Baalsrud_2013_pop_1994;Luroy-1994;isle;SSR;22;13;13;0.769;0.707;6.545;-0.052;0.062;0.032;0.208;0.111;Ne-down;8.5;8.5;3.3;17.8
FastFS/LowRS;Passer_domesticus_Baalsrud_2013_pop_1994;Onoy-1994;isle;SSR;23;13;13;0.794;0.771;8.114;-0.004;0.028;0.014;0.104;0.035;Ne-down;16.4;16.4;6.8;70.7
FastFS/LowRS;Passer_domesticus_Baalsrud_2013_pop_1994;Selvaer-1994;isle;SSR;47;13;13;0.782;0.77;8.112;-0.005;0.033;0.017;0.118;0.035;Ne-down;31.2;31.2;20.4;52.2
FastFS/LowRS;Passer_domesticus_Baalsrud_2013_pop_1994;Traena-1994;isle;SSR;24;13;13;0.775;0.776;8.921;0.026;0.026;0.013;0.095;0.016;Ne-down;60.9;60.9;31.3;303.5
FastFS/LowRS;Passer_domesticus_Baalsrud_2013_pop_1994;Ytre_Kvaroy-1994;isle;SSR;40;13;13;0.804;0.781;8.811;-0.016;0.026;0.013;0.096;0.013;Ne-down;41.9;41.9;28.4;69.5
FastFS/LowRS;Passer_domesticus_Baalsrud_2013_pop_2000;Gjeroy-2000;isle;SSR;61;13;13;0.787;0.792;8.925;0.018;0.021;0.011;0.082;0.021;Ne-down;42.4;42.4;30.4;62.9
FastFS/LowRS;Passer_domesticus_Baalsrud_2013_pop_2000;Hestmannoy-2000;isle;SSR;111;13;13;0.799;0.806;9.439;0.013;0.018;0.01;0.073;0.006;Ne-down;101.7;101.7;74.5;149
FastFS/LowRS;Passer_domesticus_Baalsrud_2013_pop_2000;Indre_Kvaroy-2000;isle;SSR;27;13;13;0.73;0.754;8.144;0.058;0.024;0.013;0.088;0.036;Ne-down;24.8;24.8;14.4;54.5
FastFS/LowRS;Passer_domesticus_Baalsrud_2013_pop_2000;Luroy-2000;isle;SSR;21;13;13;0.791;0.763;8.538;-0.008;0.023;0.012;0.085;0.029;Ne-down;29.6;29.6;15.3;101.2
FastFS/LowRS;Passer_domesticus_Baalsrud_2013_pop_2000;Myken-2000;isle;SSR;30;13;13;0.782;0.769;7.942;0.005;0.029;0.015;0.107;0.048;Ne-down;19.1;19.1;10.9;39.4
FastFS/LowRS;Passer_domesticus_Baalsrud_2013_pop_2000;Nesoy-2000;isle;SSR;23;13;13;0.792;0.728;6.66;-0.068;0.048;0.025;0.167;0.103;Ne-down;8.5;8.5;4.8;14.5
FastFS/LowRS;Passer_domesticus_Baalsrud_2013_pop_2000;Onoy-2000;isle;SSR;21;13;13;0.78;0.779;9.692;0.017;0.016;0.008;0.06;0.008;Ne-down;48.9;48.9;20.2;999999
FastFS/LowRS;Passer_domesticus_Baalsrud_2013_pop_2000;Sleneset-2000;isle;SSR;48;13;13;0.772;0.784;8.291;0.028;0.03;0.016;0.116;0.037;Ne-down;64.7;64.7;41.5;121.9
FastFS/LowRS;Passer_domesticus_Baalsrud_2013_pop_2006;Aldra-2006;isle;SSR;36;13;13;0.782;0.727;6.651;-0.063;0.067;0.035;0.248;0.142;Ne-down;10.4;10.4;6.3;16
FastFS/LowRS;Passer_domesticus_Baalsrud_2013_pop_2006;Gjeroy-2006;isle;SSR;55;13;13;0.808;0.792;9.265;-0.007;0.032;0.016;0.131;0.036;Ne-down;25.6;25.6;17.5;39.2
FastFS/LowRS;Passer_domesticus_Baalsrud_2013_pop_2006;Hestmannoy-2006;isle;SSR;138;13;13;0.823;0.804;9.564;-0.019;0.023;0.012;0.095;0.017;Ne-down;93.1;93.1;73.3;122
FastFS/LowRS;Passer_domesticus_Baalsrud_2013_pop_2006;Indre_Kvaroy-2006;isle;SSR;39;13;13;0.789;0.79;9.644;0.015;0.023;0.012;0.091;0.017;Ne-down;47.4;47.4;27;115.6
FastFS/LowRS;Passer_domesticus_Baalsrud_2013_pop_2006;Lovund-2006;isle;SSR;35;13;13;0.795;0.807;9.958;0.03;0.022;0.011;0.089;0.011;Ne-down;102.2;102.2;49.9;864.2
FastFS/LowRS;Passer_domesticus_Baalsrud_2013_pop_2006;Selvaer-2006;isle;SSR;40;13;13;0.78;0.81;10.093;0.053;0.018;0.01;0.076;0.008;Ne-down;122.9;122.9;55.9;999999
FastFS/LowRS;Passer_domesticus_Baalsrud_2013_pop_2006;Sleneset-2006;isle;SSR;32;13;13;0.781;0.787;9.567;0.023;0.027;0.014;0.108;0.02;Ne-down;72.5;72.5;37.7;309.8
FastFS/LowRS;Passer_domesticus_Baalsrud_2013_pop_2006;Traena-2006;isle;SSR;48;13;13;0.824;0.817;9.39;0.001;0.024;0.012;0.101;0.022;Ne-down;56.6;56.6;33.8;123.4
FastFS/LowRS;Passer_domesticus_Hagen_2020;Aldra;isle;SNP;344;6358;6107;0.307;0.304;1.911;-0.004;0.064;0.033;0.031;0.106;Ne-down;20.73;24.81686821;19.03382401;22.53351201
FastFS/LowRS;Passer_domesticus_Hagen_2020;Gjaroy;isle;SNP;86;6358;6176;0.323;0.325;1.974;0.014;0.026;0.013;0.013;0.014;Ne-down;67.47;80.75564514;52.16145339;91.37118241
FastFS/LowRS;Passer_domesticus_Hagen_2020;Hestmannoy;isle;SNP;483;6358;6344;0.331;0.332;1.978;0.006;0.026;0.014;0.013;0.013;Ne-down;76.87;92.00614718;70.16035263;84.30862122
FastFS/LowRS;Passer_domesticus_Hagen_2020;IndreKvaroy;isle;SNP;92;6358;6173;0.329;0.328;1.975;0.002;0.026;0.014;0.013;0.013;Ne-down;62.06;74.28782782;48.3676787;82.27467206
FastFS/LowRS;Passer_domesticus_Hagen_2020;Leka;isle;SNP;543;6358;6341;0.331;0.333;1.979;0.007;0.035;0.018;0.018;0.035;Ne-down;70.75;84.68228182;66.0280985;75.66846583
FastFS/LowRS;Passer_domesticus_Hagen_2020;Myken;isle;SNP;52;6358;5948;0.322;0.314;1.952;-0.009;0.04;0.021;0.02;0.048;Ne-down;25.96;31.07900388;19.72138681;35.45614086
FastFS/LowRS;Passer_domesticus_Hagen_2020;Nesoy;isle;SNP;36;6358;5868;0.328;0.319;1.958;-0.01;0.035;0.018;0.018;0.037;Ne-down;19.25;23.04222864;13.71188066;28.18025914
FastFS/LowRS;Passer_domesticus_Hagen_2020;Vega;isle;SNP;636;6358;6333;0.33;0.333;1.977;0.01;0.032;0.017;0.017;0.031;Ne-down;93.51;111.934964;87.23450872;100.3504136
IntermFS/IntermRS;Pinus_pinaster_Milesi_2024;ES_PP_01_02;subedge;SNP;29;9495;2998;0.084;0.083;1.084;0.002;0.146;0.08;0.014;0.094;Ne-down;886.1;1116.003692;167.2;999999
IntermFS/IntermRS;Pinus_pinaster_Milesi_2024;ES_PP_center;core;SNP;62;9495;3564;0.075;0.074;1.075;-0.001;0.149;0.085;0.015;0.092;Ne-down;2957.79;3725.207329;602.0198707;999999
IntermFS/IntermRS;Pinus_pinaster_Milesi_2024;ES_PP_east_coast;core;SNP;22;9495;2454;0.078;0.077;1.079;0.007;0.144;0.079;0.014;0.104;Ne-down;146;183.8805316;64.9;999999
IntermFS/IntermRS;Pinus_pinaster_Milesi_2024;FR_PP_21;core;SNP;22;9495;2046;0.069;0.066;1.067;-0.014;0.191;0.108;0.018;0.181;Ne-down;835.6;1052.40118;133.5;999999
IntermFS/IntermRS;Pinus_pinaster_Milesi_2024;FR_PP_corsica;isle;SNP;22;9495;1857;0.067;0.065;1.066;-0.004;0.17;0.096;0.016;0.226;Ne-down;703.9;886.5308645;166.9;999999
IntermFS/IntermRS;Pinus_pinaster_Milesi_2024;FR_PP_east_coast;core;SNP;31;9495;1929;0.06;0.059;1.06;-0.003;0.191;0.108;0.018;0.259;Ne-down;768;967.2619746;214;999999
IntermFS/IntermRS;Pinus_pinaster_Milesi_2024;FR_PP_west_coast;core;SNP;30;9495;2259;0.067;0.065;1.066;-0.005;0.188;0.107;0.018;0.18;Ne-down;1336.8;1683.640374;407;999999
IntermFS/IntermRS;Pinus_pinaster_Milesi_2024;IT_PP_piemont;core;SNP;47;9495;2473;0.064;0.063;1.064;0;0.176;0.098;0.016;0.19;Ne-down;101.8;128.2125899;72.7;152.8
IntermFS/IntermRS;Pinus_pinaster_Milesi_2024;IT_PP_toscana_south;subedge;SNP;32;9495;1892;0.06;0.058;1.059;-0.003;0.21;0.119;0.02;0.274;Ne-down;39.8;50.1263367;18.1;290
IntermFS/IntermRS;Pinus_pinaster_Milesi_2024;MA_PP_23;edge;SNP;21;9495;2074;0.065;0.067;1.069;0.024;0.275;0.161;0.029;0.303;Ne-down;1.8;2.267020253;1.3;2.6
IntermFS/IntermRS;Pinus_pinaster_Milesi_2024;MA_PP_24;edge;SNP;18;9495;1937;0.071;0.067;1.069;-0.017;0.293;0.173;0.031;0.339;Ne-down;207.7;261.5889481;69;999999
IntermFS/LowRS;Pinus_sylvestris_Milesi_2024;CH_PS;core;SNP;37;8086;1011;0.022;0.022;1.075;-0.003;0.015;0.008;0;0.006;Ne-down;454.1;571.9188316;168;999999
IntermFS/LowRS;Pinus_sylvestris_Milesi_2024;DE_PS;core;SNP;28;8086;680;0.022;0.021;1.073;-0.008;0.013;0.006;0;0.003;Ne-down;3382.2;4259.731055;224.1;999999
IntermFS/LowRS;Pinus_sylvestris_Milesi_2024;ES_PS;edge;SNP;31;8086;685;0.021;0.02;1.066;-0.008;0.033;0.017;0.001;0.022;Ne-down;2857.2;3598.516815;211.8;999999
IntermFS/LowRS;Pinus_sylvestris_Milesi_2024;FR_PS;core;SNP;34;8086;821;0.021;0.02;1.07;-0.005;0.017;0.008;0;0.008;Ne-down;4256.2;5360.495334;261.9;999999
IntermFS/LowRS;Pinus_sylvestris_Milesi_2024;GB_PS;island;SNP;21;8086;498;0.022;0.021;1.071;-0.007;0.021;0.01;0;0.013;Ne-down;1067;1343.839228;81.4;999999
IntermFS/LowRS;Pinus_sylvestris_Milesi_2024;GR_PS;edge;SNP;29;8086;746;0.022;0.021;1.073;-0.004;0.019;0.01;0;0.01;Ne-down;425.7;536.1502898;125.7;999999
IntermFS/LowRS;Pinus_sylvestris_Milesi_2024;IT_PS;core;SNP;31;8086;703;0.021;0.02;1.066;-0.01;0.048;0.024;0.001;0.036;Ne-down;454.4;572.2966683;117.5;999999
IntermFS/LowRS;Pinus_sylvestris_Milesi_2024;LT_PS;core;SNP;30;8086;674;0.02;0.02;1.067;-0.006;0.015;0.007;0;0.007;Ne-down;999999;999999;166.5;999999
IntermFS/LowRS;Pinus_sylvestris_Milesi_2024;NO_PS;core;SNP;25;8086;556;0.021;0.02;1.069;-0.01;0.014;0.007;0;0.008;Ne-down;2704.5;3406.19793;114;999999
IntermFS/LowRS;Pinus_sylvestris_Milesi_2024;RU_PS;edge;SNP;19;8086;476;0.021;0.02;1.069;-0.01;0.02;0.01;0;0.014;Ne-down;1167.5;1470.414525;98.3;999999
IntermFS/LowRS;Pinus_sylvestris_Milesi_2024;SE_FI_PS;subedge;SNP;19;8086;417;0.02;0.019;1.068;-0.006;0.014;0.007;0;0.008;Ne-down;5420.4;6826.753655;45.1;999999
IntermFS/LowRS;Raja_clavata_Marandel_2020;Brittania;core;SNP;44;4110;2866;0.084;0.124;1.813;0.278;0.004;0.004;0.001;0.013;Ne-down;1044.9;1099.537508;269.3;999999
IntermFS/LowRS;Raja_clavata_Marandel_2020;Center_Biscay_Bay;core;SNP;45;4110;2906;0.086;0.125;1.824;0.268;0.004;0.004;0.001;0.011;Ne-down;1205.9;1268.95615;207.8;999999
FastFS/IntermRS;Rana_arvalis_Cox_2024;patch_01;edge;SSR;24;13;13;0.551;0.617;4.742;0.096;0.041;0.021;0.063;0.057;Nb;11;8.347574075;5.6;23.1
FastFS/IntermRS;Rana_arvalis_Cox_2024;patch_10_11;edge;SSR;57;13;12;0.545;0.547;4.894;0.048;0.016;0.008;0.022;0.023;Nb;48.1;36.50166482;32.7;78.3
FastFS/IntermRS;Rana_arvalis_Cox_2024;patch_13_14;edge;SSR;60;13;13;0.555;0.559;5.219;0.013;0.015;0.008;0.021;0.01;Nb;53.1;40.29601667;33.7;97.7
FastFS/IntermRS;Rana_arvalis_Cox_2024;patch_16_17;edge;SSR;33;13;13;0.604;0.589;5.132;-0.034;0.023;0.011;0.031;0.03;Nb;24.2;18.36466296;14.4;47.4
FastFS/IntermRS;Rana_arvalis_Cox_2024;patch_18;edge;SSR;100;13;13;0.564;0.574;5.22;0.014;0.018;0.009;0.026;0.012;Nb;60.5;45.91165741;43.6;88.6
FastFS/IntermRS;Rana_arvalis_Cox_2024;patch_19;edge;SSR;42;13;13;0.579;0.566;5.21;0.003;0.016;0.008;0.022;0.016;Nb;46.2;35.05981111;26.4;109.8
FastFS/IntermRS;Rana_arvalis_Cox_2024;patch_22_25;edge;SSR;136;13;13;0.591;0.582;5.191;-0.016;0.014;0.007;0.02;0.013;Nb;139.4;105.7865296;99.2;214.4
FastFS/IntermRS;Rana_arvalis_Cox_2024;patch_3_4_5_6_7;edge;SSR;196;13;13;0.586;0.576;5.206;-0.021;0.013;0.006;0.018;0.008;Nb;161.9;122.861113;115.3;246.2
FastFS/IntermRS;Rana_arvalis_Cox_2024;patch_31;edge;SSR;36;13;12;0.532;0.541;4.919;0.043;0.029;0.015;0.039;0.04;Nb;32.4;24.5874;17.1;86.1
IntermFS/IntermRS;Sardina_pilchardus_Antoniou_2023;1;subedge;SNP;19;3137;3020;0.294;0.319;1.859;0.092;0.015;0.009;0.008;0.027;Ne-down;356.42;448.8966484;98.4898445;999999
IntermFS/IntermRS;Sardina_pilchardus_Antoniou_2023;5;subedge;SNP;35;3137;3128;0.292;0.32;1.858;0.095;0.01;0.006;0.006;0.003;Ne-down;801.12;1008.972702;376.0673002;999999
IntermFS/IntermRS;Sardina_pilchardus_Antoniou_2023;11;subedge;SNP;33;3137;3118;0.299;0.316;1.851;0.066;0.011;0.006;0.006;0.007;Ne-down;71.74;90.35362015;23.05053625;999999
IntermFS/IntermRS;Sardina_pilchardus_Antoniou_2023;ES_west_FR;subedge;SNP;129;3137;3137;0.298;0.326;1.864;0.089;0.008;0.004;0.004;0.001;Ne-down;727.69;916.4905579;450.7096102;1768.259091
IntermFS/IntermRS;Sardina_pilchardus_Antoniou_2023;GoL_1A;subedge;SNP;35;3137;3129;0.299;0.32;1.858;0.078;0.009;0.005;0.005;0.004;Ne-down;576;725.4431665;237.0046278;999999
IntermFS/IntermRS;Sardina_pilchardus_Antoniou_2023;Ob;subedge;SNP;31;3137;3098;0.293;0.315;1.843;0.077;0.028;0.015;0.015;0.049;Ne-down;138.16;174.0077082;47.26029847;999999
IntermFS/IntermRS;Sardina_pilchardus_Antoniou_2023;W_IT;subedge;SNP;94;3137;3137;0.294;0.321;1.855;0.087;0.009;0.005;0.005;0.002;Ne-down;1027.33;1293.875326;666.5466073;2200.391004
SlowFS/HighRS;Symphonia_globulifera_Schmitt2021_Gargiulo2024;Species1;subedge;SNP;221;17442;5547;0.075;0.075;1.075;0.085;0.209;0.115;0.022;0.352;Ne-down;971.2;971.1982602;774.273874;1306.157372
SlowFS/HighRS;Symphonia_globulifera_Schmitt2021_Gargiulo2024;Species2;subedge;SNP;106;17442;11892;0.085;0.084;1.084;0.078;0.19;0.104;0.02;0.352;Ne-down;421.14;421.1422145;323.0054679;602.514384
SlowFS/HighRS;Symphonia_globulifera_Schmitt2021_Gargiulo2024;Species3;subedge;SNP;28;17442;10232;0.08;0.077;1.079;0.046;0.21;0.117;0.023;0.471;Ne-down;126.45;126.4525019;63.47436962;1371.00511
IntermFS/LowRS;Ursus_arctos_Kopatz_2021;North_Karelian;edge;SSR;118;12;12;0.794;0.797;10.058;0.009;0.062;0.032;0.242;0.043;Ne-down-males;75.2;75.2;54.9;109.2
IntermFS/LowRS;Ursus_arctos_Kopatz_2021;Scandinavia;edge;SSR;441;12;12;0.743;0.75;8.287;0.011;0.091;0.047;0.344;0.135;Ne-down-males;76;76;59.9;96.4
IntermFS/LowRS;Ursus_arctos_Kopatz_2021;South_Karelian;edge;SSR;244;12;12;0.789;0.8;9.659;0.019;0.085;0.044;0.34;0.077;Ne-down-males;182.2;182.2;144.4;237.5
IntermFS/LowRS;Ursus_arctos_Kopatz_2024;North_Karelian;edge;SNP;23;82;82;0.406;0.402;1.998;-0.01;0.061;0.03;0.038;0.03;Ne-down-males;146.4;146.4;50.7;999999
IntermFS/LowRS;Ursus_arctos_Kopatz_2024;South_Karelian;edge;SNP;70;82;81;0.359;0.357;1.987;-0.005;0.061;0.03;0.038;0.087;Ne-down-males;92.6;92.6;59.7;174
